state,earlier_count,later_count,count_change,percent_change,transition
AK,89,90,1,0.011235955056179775,2019_to_2020
AL,124,129,5,0.04032258064516129,2019_to_2020
AR,136,149,13,0.09558823529411764,2019_to_2020
AZ,383,408,25,0.06527415143603134,2019_to_2020
CA,1172,1440,268,0.22866894197952217,2019_to_2020
CO,381,378,-3,-0.007874015748031496,2019_to_2020
CT,212,208,-4,-0.018867924528301886,2019_to_2020
DC,23,25,2,0.08695652173913043,2019_to_2020
DE,34,42,8,0.23529411764705882,2019_to_2020
FL,586,574,-12,-0.020477815699658702,2019_to_2020
GA,288,298,10,0.034722222222222224,2019_to_2020
HI,151,149,-2,-0.013245033112582781,2019_to_2020
IA,164,170,6,0.036585365853658534,2019_to_2020
ID,125,111,-14,-0.112,2019_to_2020
IL,644,724,80,0.12422360248447205,2019_to_2020
IN,323,355,32,0.09907120743034056,2019_to_2020
KS,167,172,5,0.029940119760479042,2019_to_2020
KY,392,413,21,0.05357142857142857,2019_to_2020
LA,120,123,3,0.025,2019_to_2020
MA,388,402,14,0.03608247422680412,2019_to_2020
MD,380,400,20,0.05263157894736842,2019_to_2020
ME,161,169,8,0.049689440993788817,2019_to_2020
MI,437,439,2,0.004576659038901602,2019_to_2020
MN,362,395,33,0.09116022099447514,2019_to_2020
MO,256,264,8,0.03125,2019_to_2020
MS,72,80,8,0.1111111111111111,2019_to_2020
MT,66,72,6,0.09090909090909091,2019_to_2020
NC,476,481,5,0.01050420168067227,2019_to_2020
ND,73,74,1,0.0136986301369863,2019_to_2020
NE,119,120,1,0.008403361344537815,2019_to_2020
NH,72,76,4,0.05555555555555555,2019_to_2020
NJ,342,344,2,0.005847953216374269,2019_to_2020
NM,130,140,10,0.07692307692307693,2019_to_2020
NV,69,81,12,0.17391304347826086,2019_to_2020
NY,825,842,17,0.020606060606060607,2019_to_2020
OH,415,447,32,0.07710843373493977,2019_to_2020
OK,173,184,11,0.06358381502890173,2019_to_2020
OR,210,215,5,0.023809523809523808,2019_to_2020
PA,547,565,18,0.03290676416819013,2019_to_2020
RI,54,58,4,0.07407407407407407,2019_to_2020
SC,103,108,5,0.04854368932038835,2019_to_2020
SD,52,54,2,0.038461538461538464,2019_to_2020
TN,232,286,54,0.23275862068965517,2019_to_2020
TX,456,457,1,0.0021929824561403508,2019_to_2020
UT,258,291,33,0.12790697674418605,2019_to_2020
VA,209,210,1,0.004784688995215311,2019_to_2020
VT,42,46,4,0.09523809523809523,2019_to_2020
WA,427,418,-9,-0.02107728337236534,2019_to_2020
WI,250,251,1,0.004,2019_to_2020
WV,93,87,-6,-0.06451612903225806,2019_to_2020
WY,50,55,5,0.1,2019_to_2020
AK,90,95,5,0.05555555555555555,2020_to_2021
AL,129,134,5,0.03875968992248062,2020_to_2021
AR,149,158,9,0.06040268456375839,2020_to_2021
AZ,408,376,-32,-0.0784313725490196,2020_to_2021
CA,1440,1392,-48,-0.03333333333333333,2020_to_2021
CO,378,361,-17,-0.04497354497354497,2020_to_2021
CT,208,196,-12,-0.057692307692307696,2020_to_2021
DC,25,28,3,0.12,2020_to_2021
DE,42,43,1,0.023809523809523808,2020_to_2021
FL,574,594,20,0.03484320557491289,2020_to_2021
GA,298,286,-12,-0.040268456375838924,2020_to_2021
HI,149,154,5,0.03355704697986577,2020_to_2021
IA,170,178,8,0.047058823529411764,2020_to_2021
ID,111,105,-6,-0.05405405405405406,2020_to_2021
IL,724,693,-31,-0.04281767955801105,2020_to_2021
IN,355,368,13,0.036619718309859155,2020_to_2021
KS,172,161,-11,-0.06395348837209303,2020_to_2021
KY,413,459,46,0.11138014527845036,2020_to_2021
LA,123,142,19,0.15447154471544716,2020_to_2021
MA,402,422,20,0.04975124378109453,2020_to_2021
MD,400,380,-20,-0.05,2020_to_2021
ME,169,180,11,0.0650887573964497,2020_to_2021
MI,439,422,-17,-0.0387243735763098,2020_to_2021
MN,395,394,-1,-0.002531645569620253,2020_to_2021
MO,264,263,-1,-0.003787878787878788,2020_to_2021
MS,80,87,7,0.0875,2020_to_2021
MT,72,117,45,0.625,2020_to_2021
NC,481,541,60,0.12474012474012475,2020_to_2021
ND,74,73,-1,-0.013513513513513514,2020_to_2021
NE,120,119,-1,-0.008333333333333333,2020_to_2021
NH,76,81,5,0.06578947368421052,2020_to_2021
NJ,344,348,4,0.011627906976744186,2020_to_2021
NM,140,134,-6,-0.04285714285714286,2020_to_2021
NV,81,89,8,0.09876543209876543,2020_to_2021
NY,842,806,-36,-0.04275534441805225,2020_to_2021
OH,447,489,42,0.09395973154362416,2020_to_2021
OK,184,176,-8,-0.043478260869565216,2020_to_2021
OR,215,214,-1,-0.004651162790697674,2020_to_2021
PA,565,564,-1,-0.0017699115044247787,2020_to_2021
RI,58,57,-1,-0.017241379310344827,2020_to_2021
SC,108,116,8,0.07407407407407407,2020_to_2021
SD,54,53,-1,-0.018518518518518517,2020_to_2021
TN,286,292,6,0.02097902097902098,2020_to_2021
TX,457,469,12,0.0262582056892779,2020_to_2021
UT,291,306,15,0.05154639175257732,2020_to_2021
VA,210,206,-4,-0.01904761904761905,2020_to_2021
VT,46,43,-3,-0.06521739130434782,2020_to_2021
WA,418,418,0,0.0,2020_to_2021
WI,251,257,6,0.02390438247011952,2020_to_2021
WV,87,93,6,0.06896551724137931,2020_to_2021
WY,55,57,2,0.03636363636363636,2020_to_2021
AK,95,81,-14,-0.14736842105263157,2021_to_2022
AL,134,111,-23,-0.17164179104477612,2021_to_2022
AR,158,120,-38,-0.24050632911392406,2021_to_2022
AZ,376,314,-62,-0.16489361702127658,2021_to_2022
CA,1392,1194,-198,-0.14224137931034483,2021_to_2022
CO,361,300,-61,-0.16897506925207756,2021_to_2022
CT,196,161,-35,-0.17857142857142858,2021_to_2022
DC,28,25,-3,-0.10714285714285714,2021_to_2022
DE,43,40,-3,-0.06976744186046512,2021_to_2022
FL,594,502,-92,-0.15488215488215487,2021_to_2022
GA,286,238,-48,-0.16783216783216784,2021_to_2022
HI,154,123,-31,-0.2012987012987013,2021_to_2022
IA,178,155,-23,-0.12921348314606743,2021_to_2022
ID,105,94,-11,-0.10476190476190476,2021_to_2022
IL,693,595,-98,-0.1414141414141414,2021_to_2022
IN,368,340,-28,-0.07608695652173914,2021_to_2022
KS,161,132,-29,-0.18012422360248448,2021_to_2022
KY,459,354,-105,-0.22875816993464052,2021_to_2022
LA,142,121,-21,-0.14788732394366197,2021_to_2022
MA,422,371,-51,-0.12085308056872038,2021_to_2022
MD,380,326,-54,-0.14210526315789473,2021_to_2022
ME,180,134,-46,-0.25555555555555554,2021_to_2022
MI,422,352,-70,-0.16587677725118483,2021_to_2022
MN,394,337,-57,-0.1446700507614213,2021_to_2022
MO,263,239,-24,-0.09125475285171103,2021_to_2022
MS,87,76,-11,-0.12643678160919541,2021_to_2022
MT,117,110,-7,-0.05982905982905983,2021_to_2022
NC,541,454,-87,-0.16081330868761554,2021_to_2022
ND,73,67,-6,-0.0821917808219178,2021_to_2022
NE,119,106,-13,-0.1092436974789916,2021_to_2022
NH,81,67,-14,-0.1728395061728395,2021_to_2022
NJ,348,318,-30,-0.08620689655172414,2021_to_2022
NM,134,98,-36,-0.26865671641791045,2021_to_2022
NV,89,73,-16,-0.1797752808988764,2021_to_2022
NY,806,710,-96,-0.11910669975186104,2021_to_2022
OH,489,439,-50,-0.10224948875255624,2021_to_2022
OK,176,144,-32,-0.18181818181818182,2021_to_2022
OR,214,174,-40,-0.18691588785046728,2021_to_2022
PA,564,482,-82,-0.1453900709219858,2021_to_2022
RI,57,50,-7,-0.12280701754385964,2021_to_2022
SC,116,98,-18,-0.15517241379310345,2021_to_2022
SD,53,47,-6,-0.11320754716981132,2021_to_2022
TN,292,261,-31,-0.10616438356164383,2021_to_2022
TX,469,402,-67,-0.14285714285714285,2021_to_2022
UT,306,269,-37,-0.12091503267973856,2021_to_2022
VA,206,169,-37,-0.1796116504854369,2021_to_2022
VT,43,40,-3,-0.06976744186046512,2021_to_2022
WA,418,362,-56,-0.1339712918660287,2021_to_2022
WI,257,214,-43,-0.16731517509727625,2021_to_2022
WV,93,74,-19,-0.20430107526881722,2021_to_2022
WY,57,51,-6,-0.10526315789473684,2021_to_2022
AK,81,71,-10,-0.12345679012345678,2022_to_2023
AL,111,128,17,0.15315315315315314,2022_to_2023
AR,120,111,-9,-0.075,2022_to_2023
AZ,314,378,64,0.20382165605095542,2022_to_2023
CA,1194,1274,80,0.06700167504187604,2022_to_2023
CO,300,290,-10,-0.03333333333333333,2022_to_2023
CT,161,169,8,0.049689440993788817,2022_to_2023
DC,25,26,1,0.04,2022_to_2023
DE,40,47,7,0.175,2022_to_2023
FL,502,545,43,0.08565737051792828,2022_to_2023
GA,238,263,25,0.10504201680672269,2022_to_2023
HI,123,80,-43,-0.34959349593495936,2022_to_2023
IA,155,166,11,0.07096774193548387,2022_to_2023
ID,94,84,-10,-0.10638297872340426,2022_to_2023
IL,595,559,-36,-0.06050420168067227,2022_to_2023
IN,340,377,37,0.10882352941176471,2022_to_2023
KS,132,142,10,0.07575757575757576,2022_to_2023
KY,354,419,65,0.18361581920903955,2022_to_2023
LA,121,157,36,0.2975206611570248,2022_to_2023
MA,371,398,27,0.07277628032345014,2022_to_2023
MD,326,354,28,0.08588957055214724,2022_to_2023
ME,134,136,2,0.014925373134328358,2022_to_2023
MI,352,397,45,0.1278409090909091,2022_to_2023
MN,337,347,10,0.02967359050445104,2022_to_2023
MO,239,254,15,0.06276150627615062,2022_to_2023
MS,76,84,8,0.10526315789473684,2022_to_2023
MT,110,99,-11,-0.1,2022_to_2023
NC,454,501,47,0.10352422907488987,2022_to_2023
ND,67,59,-8,-0.11940298507462686,2022_to_2023
NE,106,107,1,0.009433962264150943,2022_to_2023
NH,67,100,33,0.4925373134328358,2022_to_2023
NJ,318,359,41,0.1289308176100629,2022_to_2023
NM,98,97,-1,-0.01020408163265306,2022_to_2023
NV,73,70,-3,-0.0410958904109589,2022_to_2023
NY,710,656,-54,-0.07605633802816901,2022_to_2023
OH,439,465,26,0.05922551252847381,2022_to_2023
OK,144,159,15,0.10416666666666667,2022_to_2023
OR,174,174,0,0.0,2022_to_2023
PA,482,470,-12,-0.024896265560165973,2022_to_2023
RI,50,54,4,0.08,2022_to_2023
SC,98,97,-1,-0.01020408163265306,2022_to_2023
SD,47,46,-1,-0.02127659574468085,2022_to_2023
TN,261,277,16,0.06130268199233716,2022_to_2023
TX,402,446,44,0.10945273631840796,2022_to_2023
UT,269,264,-5,-0.01858736059479554,2022_to_2023
VA,169,197,28,0.16568047337278108,2022_to_2023
VT,40,32,-8,-0.2,2022_to_2023
WA,362,348,-14,-0.03867403314917127,2022_to_2023
WI,214,212,-2,-0.009345794392523364,2022_to_2023
WV,74,84,10,0.13513513513513514,2022_to_2023
WY,51,48,-3,-0.058823529411764705,2022_to_2023
AK,71,79,8,0.11267605633802817,2023_to_2024
AL,128,125,-3,-0.0234375,2023_to_2024
AR,111,100,-11,-0.0990990990990991,2023_to_2024
AZ,378,353,-25,-0.06613756613756613,2023_to_2024
CA,1274,1141,-133,-0.1043956043956044,2023_to_2024
CO,290,253,-37,-0.12758620689655173,2023_to_2024
CT,169,158,-11,-0.0650887573964497,2023_to_2024
DC,26,26,0,0.0,2023_to_2024
DE,47,38,-9,-0.19148936170212766,2023_to_2024
FL,545,477,-68,-0.12477064220183487,2023_to_2024
GA,263,240,-23,-0.08745247148288973,2023_to_2024
HI,80,90,10,0.125,2023_to_2024
IA,166,187,21,0.12650602409638553,2023_to_2024
ID,84,82,-2,-0.023809523809523808,2023_to_2024
IL,559,560,1,0.0017889087656529517,2023_to_2024
IN,377,406,29,0.07692307692307693,2023_to_2024
KS,142,135,-7,-0.04929577464788732,2023_to_2024
KY,419,437,18,0.04295942720763723,2023_to_2024
LA,157,157,0,0.0,2023_to_2024
MA,398,343,-55,-0.13819095477386933,2023_to_2024
MD,354,427,73,0.2062146892655367,2023_to_2024
ME,136,117,-19,-0.13970588235294118,2023_to_2024
MI,397,366,-31,-0.07808564231738035,2023_to_2024
MN,347,332,-15,-0.043227665706051875,2023_to_2024
MO,254,227,-27,-0.1062992125984252,2023_to_2024
MS,84,82,-2,-0.023809523809523808,2023_to_2024
MT,99,68,-31,-0.31313131313131315,2023_to_2024
NC,501,451,-50,-0.0998003992015968,2023_to_2024
ND,59,61,2,0.03389830508474576,2023_to_2024
NE,107,99,-8,-0.07476635514018691,2023_to_2024
NH,100,88,-12,-0.12,2023_to_2024
NJ,359,331,-28,-0.07799442896935933,2023_to_2024
NM,97,141,44,0.4536082474226804,2023_to_2024
NV,70,83,13,0.18571428571428572,2023_to_2024
NY,656,629,-27,-0.041158536585365856,2023_to_2024
OH,465,474,9,0.01935483870967742,2023_to_2024
OK,159,139,-20,-0.12578616352201258,2023_to_2024
OR,174,187,13,0.07471264367816093,2023_to_2024
PA,470,479,9,0.019148936170212766,2023_to_2024
RI,54,53,-1,-0.018518518518518517,2023_to_2024
SC,97,92,-5,-0.05154639175257732,2023_to_2024
SD,46,37,-9,-0.1956521739130435,2023_to_2024
TN,277,270,-7,-0.02527075812274368,2023_to_2024
TX,446,412,-34,-0.07623318385650224,2023_to_2024
UT,264,258,-6,-0.022727272727272728,2023_to_2024
VA,197,181,-16,-0.08121827411167512,2023_to_2024
VT,32,49,17,0.53125,2023_to_2024
WA,348,303,-45,-0.12931034482758622,2023_to_2024
WI,212,203,-9,-0.04245283018867924,2023_to_2024
WV,84,74,-10,-0.11904761904761904,2023_to_2024
WY,48,46,-2,-0.041666666666666664,2023_to_2024
AK,79,78,-1,-0.012658227848101266,2024_to_2025
AL,125,113,-12,-0.096,2024_to_2025
AR,100,138,38,0.38,2024_to_2025
AZ,353,477,124,0.35127478753541075,2024_to_2025
CA,1141,1198,57,0.04995617879053462,2024_to_2025
CO,253,264,11,0.043478260869565216,2024_to_2025
CT,158,169,11,0.06962025316455696,2024_to_2025
DC,26,29,3,0.11538461538461539,2024_to_2025
DE,38,44,6,0.15789473684210525,2024_to_2025
FL,477,539,62,0.129979035639413,2024_to_2025
GA,240,278,38,0.15833333333333333,2024_to_2025
HI,90,92,2,0.022222222222222223,2024_to_2025
IA,187,213,26,0.13903743315508021,2024_to_2025
ID,82,116,34,0.4146341463414634,2024_to_2025
IL,560,576,16,0.02857142857142857,2024_to_2025
IN,406,436,30,0.07389162561576355,2024_to_2025
KS,135,156,21,0.15555555555555556,2024_to_2025
KY,437,453,16,0.036613272311212815,2024_to_2025
LA,157,185,28,0.17834394904458598,2024_to_2025
MA,343,372,29,0.08454810495626822,2024_to_2025
MD,427,503,76,0.17798594847775176,2024_to_2025
ME,117,151,34,0.2905982905982906,2024_to_2025
MI,366,407,41,0.11202185792349727,2024_to_2025
MN,332,363,31,0.09337349397590361,2024_to_2025
MO,227,262,35,0.15418502202643172,2024_to_2025
MS,82,98,16,0.1951219512195122,2024_to_2025
MT,68,72,4,0.058823529411764705,2024_to_2025
NC,451,481,30,0.06651884700665188,2024_to_2025
ND,61,68,7,0.11475409836065574,2024_to_2025
NE,99,129,30,0.30303030303030304,2024_to_2025
NH,88,83,-5,-0.056818181818181816,2024_to_2025
NJ,331,357,26,0.07854984894259819,2024_to_2025
NM,141,133,-8,-0.05673758865248227,2024_to_2025
NV,83,97,14,0.1686746987951807,2024_to_2025
NY,629,644,15,0.02384737678855326,2024_to_2025
OH,474,516,42,0.08860759493670886,2024_to_2025
OK,139,141,2,0.014388489208633094,2024_to_2025
OR,187,198,11,0.058823529411764705,2024_to_2025
PA,479,524,45,0.09394572025052192,2024_to_2025
RI,53,50,-3,-0.05660377358490566,2024_to_2025
SC,92,97,5,0.05434782608695652,2024_to_2025
SD,37,42,5,0.13513513513513514,2024_to_2025
TN,270,334,64,0.23703703703703705,2024_to_2025
TX,412,453,41,0.09951456310679611,2024_to_2025
UT,258,278,20,0.07751937984496124,2024_to_2025
VA,181,283,102,0.56353591160221,2024_to_2025
VT,49,52,3,0.061224489795918366,2024_to_2025
WA,303,269,-34,-0.11221122112211221,2024_to_2025
WI,203,205,2,0.009852216748768473,2024_to_2025
WV,74,136,62,0.8378378378378378,2024_to_2025
WY,46,52,6,0.13043478260869565,2024_to_2025
